experiment_id,name,level,date_created,research_question,hypothesis,primary_change,baseline,dataset_version,split_version,config_path,config_sha256,seeds,primary_metric,completed_runs,failed_runs,mean,std,status,conclusion,next_step,notes
E0001,group_mean_baseline,1,2026-07-24T02:48:32Z,群体均值基线在当前任务上有多强,后续学习模型应稳定优于训练集群体均值,建立群体均值解析基线,,dataset_lr_v1,split_lr_v1,configs/experiments/E0001_group_mean_baseline.yaml,a8aba77d4eea98cdd6cf1a3fdc3bfc260689d53fa30fe1affa7ab7d5a6efa218,42,long_residual_pearson,1,0,0.0,0.0,AWAITING_CONCLUSION,,,
E0002,fc1_persistence_baseline,1,2026-07-24T02:48:36Z,复制首窗FC能够达到怎样的预测性能,个体首窗持续性优于群体均值但不足以预测长时距动态,以首窗FC复制整个未来序列,E0001,dataset_lr_v1,split_lr_v1,configs/experiments/E0002_fc1_persistence_baseline.yaml,a2bc1f524ee5d090fb91fae26548d0408f0d96f3576a1ad296f3e25e8d11014b,42,long_residual_pearson,1,0,0.16656506479912309,0.0,AWAITING_CONCLUSION,,,
E0003,fc_autoencoder_w83_v1,1,2026-07-24T02:48:40Z,FC能否稳定压缩到共享潜空间,256维潜空间能够保持主要FC结构,建立83TR窗长的冻结FC自编码器工件,E0001,dataset_lr_v1,split_lr_v1,configs/experiments/E0003_fc_autoencoder_w83_v1.yaml,7ac0efe2e2e01f9b3a52ad028853400eb022c1a4387005ad03f941a5830389c4,42,validation_loss,1,1,0.02410417597127866,0.0,KEEP,83TR FC自编码器在验证集取得0.0241042重建损失，最佳检查点保留为后续模型共享的FC潜空间工件,实现共享ConditionEncoder的GRU，并开展GRU/Transformer与两种SC encoder的因子实验,首次run中断；有效run为E0003-s42-20260810T064954Z-4d4337d。最佳结果位于第100个epoch。实验注册后配置曾更新，旧登记哈希3827f906已修正为实际运行哈希7ac0efe2；实际配置保存在该run的config_resolved.yaml中。
E0004,gcn_gru_full_v1,1,2026-08-12T04:01:35Z,在统一256维条件与冻结FC重建解码器下GCN加GRU能否预测未来dFC序列,个体SC和首窗FC的联合条件能够使GRU优于FC1持续性基线,建立GCN加GRU主模型作为后续2乘2架构比较的锚点,E0002,dataset_lr_v1,split_lr_v1,configs/experiments/E0004_gcn_gru_full_v1.yaml,21b6ce784eb3d5a485a5d1714ba9ed8410419e61a070a09c3f19972a7b0a9223,42,objective_loss,1,0,0.09299281317684681,0.0,AWAITING_CONCLUSION,,,
E0005,hybrid_gru_full_v1,1,2026-08-12T04:01:35Z,在GRU固定时Hybrid SC encoder是否优于GCN encoder,图注意力全局表示与edge MLP表示互补能够改善未来dFC预测,将E0004的SC encoder替换为Attention加edge MLP的Hybrid encoder,E0004,dataset_lr_v1,split_lr_v1,configs/experiments/E0005_hybrid_gru_full_v1.yaml,1c49f1f68bc630be7a944d1fdbd78ed42cc7bf8f8a9519659f37592f8a6012dc,42,objective_loss,1,0,0.09427651938248449,0.0,AWAITING_CONCLUSION,,,
E0006,gcn_transformer_full_v1,1,2026-08-12T04:01:35Z,在GCN固定时时间Transformer是否优于GRU,时间self-attention能够更好地建模远距离dFC窗口关系,将E0004的时序模型由GRU替换为时间self-attention Transformer,E0004,dataset_lr_v1,split_lr_v1,configs/experiments/E0006_gcn_transformer_full_v1.yaml,a9417c1cd028c1135acc62cca3fc60b1d70738f32e9d86dfcb48dbab28821b2d,42,objective_loss,1,0,0.09353129829565959,0.0,AWAITING_CONCLUSION,,,
E0007,hybrid_transformer_full_v1,1,2026-08-12T04:01:35Z,Hybrid SC encoder与时间Transformer的组合是否取得最佳验证性能,Hybrid结构信息与时间self-attention的组合能够同时改善静态拓扑和动态变化预测,将E0006的SC encoder替换为Attention加edge MLP的Hybrid encoder,E0006,dataset_lr_v1,split_lr_v1,configs/experiments/E0007_hybrid_transformer_full_v1.yaml,067ac43ae60c660bef7c1b9a9402427c4054909a40b251b039f1b74263b6e7d8,42,objective_loss,1,0,0.09458097044741028,0.0,AWAITING_CONCLUSION,,,
E0008,gcn_gru_direct_edge_v1,1,2026-08-13T02:11:34Z,在保持E0004条件编码和GRU时序模型不变时直接输出4005条dFC边能否减轻冻结FC重建decoder导致的动态过平滑,可训练的256到4005维直接边输出头将降低验证集objective_loss并改善动态振幅和FCD诊断指标,将E0004的冻结E0003 reconstruction decoder替换为可训练direct_edge_linear输出头,E0004,dataset_lr_v1,split_lr_v1,configs/experiments/E0008_gcn_gru_direct_edge_v1.yaml,c3c17d13f5ac5c797b2e2ab7a4a54efb6562e5b0120d36d4ea32180b6eb23368,42,objective_loss,1,0,0.18883691923515988,0.0,AWAITING_CONCLUSION,,,
E0009,gcn_gru_variance_v1,1,2026-08-18T07:30:08Z,在保持E0004的GCN、GRU、SC加FC1条件、冻结E0003 decoder与数据划分不变时，逐边时间方差损失能否缓解dFC动态振幅坍缩,逐边时间方差约束会显著提高验证集差分标准差比和频段功率比，同时保持平均边重建性能,在E0004的edge加difference损失上新增variance权重1.0,E0004,dataset_lr_v1,split_lr_v1,configs\experiments\E0009_gcn_gru_variance_v1.yaml,81c567b3b116c46d15deed14558d42c329ef3adcbb83a9cab0b4ea879dba611a,42,objective_loss,1,0,0.10261938466301447,0.0,AWAITING_CONCLUSION,,,
E0010,gcn_gru_variance_w3_v1,1,2026-08-18T07:47:58Z,在保持E0009全部设置不变时，将逐边时间方差损失权重由1.0提高至3.0能否进一步缓解dFC动态振幅坍缩,更强的方差约束会进一步提高验证集差分标准差比和频段功率比，同时将边重建恶化控制在可接受范围内,仅将E0009的variance损失权重由1.0提高至3.0,E0009,dataset_lr_v1,split_lr_v1,configs\experiments\E0010_gcn_gru_variance_w3_v1.yaml,df32299167b3e8ec25b07e13a9e3070d084da6747904d6d3bb3b56d6070ffef6,42,objective_loss,,,,,PLANNED,,,
E0011,gcn_gru_long_horizon_variance_v1,1,2026-08-18T08:36:05Z,将全程方差约束替换为仅覆盖非重叠长程三段的局部方差约束，能否缓解长程dFC动态坍缩,长程局部方差约束会提高middle-long和late-long动态振幅，同时保持边重建在可接受范围内,仅将E0010的全程variance损失替换为long_horizon_variance损失，权重保持3.0,E0010,dataset_lr_v1,split_lr_v1,configs\experiments\E0011_gcn_gru_long_horizon_variance_v1.yaml,b9d2041c0988bbfebef6edf3829d3fdf95727d9facbf530e1769ae3e20757c98,42,objective_loss,1,0,0.11546086633129965,0.0,AWAITING_CONCLUSION,,,
E0012,gcn_gru_dynamic_only_v1,1,2026-08-19T01:50:20Z,在固定E0004的GCN、GRU、SC加FC1条件、冻结E0003 decoder与数据划分下，移除边重建约束后，difference和variance损失能否使预测dFC出现非平坦的时间波动,若仅动态损失即可产生稳定且非高频抖动的时间波动，当前过平滑主要是边重建与动态约束之间的优化折中；若仍显著平滑，则初始条件、时序模型或冻结decoder更可能是瓶颈,移除edge损失，将difference与全程variance权重均设为3.0，并以固定50个epoch完成动态能力压力测试,E0010,dataset_lr_v1,split_lr_v1,configs\experiments\E0012_gcn_gru_dynamic_only_v1.yaml,e54ded4e78b6ee83efddbebbdf8e3339bbaf17c6367af07715f0181e56ece802,42,objective_loss,1,0,0.019076174242964275,0.0,AWAITING_CONCLUSION,,,
E0013,gcn_gru_full_mse_v1,1,2026-08-26T12:34:31Z,在E0004架构固定时，将历史Huber训练替换为MSE后，冻结E0003 decoder的性能与动态诊断表现如何,在保持E0004其余设置不变时，MSE对照可隔离损失函数对E0004与E0008输出头横向比较的影响,复现E0004的GCN、GRU、SC加FC1条件和冻结E0003 decoder，仅使用当前MSE损失实现训练,E0004,dataset_lr_v1,split_lr_v1,configs\experiments\E0013_gcn_gru_full_mse_v1.yaml,9a6d93da351d65337fb681bc54144cc95c958f772e203b413e5d3de039d32fb4,42,objective_loss,1,0,0.18519943116817053,0.0,AWAITING_CONCLUSION,,,
E0018,gcn_gru_dynamic_only_mse_w1_control_v1,1,2026-08-31T03:34:00Z,在E0012无边重建的动态压力测试中，将差分与全程方差损失从3:3同步缩放为1:1，整体损失尺度是否会改变dFC动态塌缩与验证表现,若E0018与E0012的动态诊断接近，则3:3与1:1的整体缩放不改变核心结论，后续可固定总尺度而只调两项损失比例；若明显不同，则总体梯度尺度是重要优化因素。,保持E0012的无边重建、GCN+GRU、冻结decoder和50 epoch设置，仅将MSE损失由3·L_diff + 3·L_var改为1·L_diff + 1·L_var,E0012,dataset_lr_v1,split_lr_v1,configs\experiments\E0018_gcn_gru_dynamic_only_mse_w1_control_v1.yaml,e1a24d8a0d35ccf30d4b49ba9b0fa21fa82a8efcd8e7d81b4dc49635a8f0596c,42,objective_loss,1,0,2.4681887026888,0.0,AWAITING_CONCLUSION,,,
E0019,gcn_gru_dynamic_only_mse_diff_bias_v1,1,2026-08-31T06:34:11Z,在E0018的1:1动态损失基准上，提高差分项相对权重是否能优先恢复dFC变化方向与时间细节,差分项偏重可能改善逐窗变化方向，但由于方差约束减弱，动态幅值和低频功率仍可能不足,保持E0018总动态损失权重为2，仅将权重改为1.5·L_diff + 0.5·L_var,E0018,dataset_lr_v1,split_lr_v1,configs\experiments\E0019_gcn_gru_dynamic_only_mse_diff_bias_v1.yaml,9c3e4d40bd365a10a7159b30052cc5d65eb6ecaec6a05766ad2e61478f4141c7,42,objective_loss,1,0,2.530376369728931,0.0,AWAITING_CONCLUSION,,,
E0020,gcn_gru_dynamic_only_mse_balanced_v1,1,2026-08-31T06:34:11Z,在E0018的1:1动态损失基准上，提高方差项相对权重并平衡两项实际贡献，能否改善dFC动态幅值,由于E0018中原始差分损失约为方差损失的3倍，0.5:1.5的权重可使两项实际优化贡献接近，从而改善动态幅值而不显著损失时间细节,保持E0018总动态损失权重为2，将权重改为0.5·L_diff + 1.5·L_var，使两项原始数值贡献近似平衡,E0018,dataset_lr_v1,split_lr_v1,configs\experiments\E0020_gcn_gru_dynamic_only_mse_balanced_v1.yaml,8e6d26643a6e96bfdfbf67a2b8229da125f19ab6457b5c28a34c3ad22279ff63,42,objective_loss,1,0,2.1523907376966096,0.0,AWAITING_CONCLUSION,,,
E0021,gcn_gru_dynamic_only_mse_variance_bias_v1,1,2026-08-31T06:34:11Z,在E0018的1:1动态损失基准上，明显提高方差项相对权重能否进一步解除dFC动态幅值塌缩,方差项偏重可能进一步拉高总体动态幅值，但若缺少足够的差分约束，时间顺序、变化方向和细节重建可能恶化,保持E0018总动态损失权重为2，仅将权重改为0.2·L_diff + 1.8·L_var,E0018,dataset_lr_v1,split_lr_v1,configs\experiments\E0021_gcn_gru_dynamic_only_mse_variance_bias_v1.yaml,947fc020ededcfe2265e12295b21702709bc591a97f57c63e6372a3b7b2b3282,42,objective_loss,1,0,2.27750643836688,0.0,AWAITING_CONCLUSION,,,
E0022,gcn_transformer_dynamic_only_mse_w1_v1,1,2026-08-31T08:38:37Z,在E0018的动态损失基准上，仅将主体时序解码器由GRU替换为Transformer，能否改善未来dFC的时间结构并减轻跨被试预测塌缩,Transformer的全序列self-attention可能改善长程时间依赖和细节建模，但若个体条件未被有效使用，跨被试共同预测模板仍会存在,保持E0018的数据、GCN条件编码、MSE动态损失、冻结E0003 decoder、训练轮数和seed不变，仅将GRU轨迹解码器替换为4层8头Transformer,E0018,dataset_lr_v1,split_lr_v1,configs\experiments\E0022_gcn_transformer_dynamic_only_mse_w1_v1.yaml,8c631cd3fff717306177abcf941cdeabd9bfa3f501baf8c878e449c056fe9b6c,42,objective_loss,1,0,2.1240156251772104,0.0,AWAITING_CONCLUSION,,,
E0023,gcn_transformer_dynamic_only_mse_w1_e100_v1,1,2026-08-31T09:15:41Z,E0022在第43个epoch后出现验证动态损失显著下降；在其余条件完全不变时，延长至100个epoch能否确认该晚期优化阶段并进一步改善dFC动态预测,若该下降代表稳定进入更优参数区域，100个epoch将继续降低验证动态损失，并使差分时间相关、差分标准差比和跨被试预测差异同步改善；若仅是偶发随机跃迁，后续改善将不稳定或停滞,保持E0022的Transformer、GCN条件编码、MSE动态损失、冻结decoder、数据、seed和学习率不变，仅将训练预算从50扩展为100个epoch，并将patience设为101以完成全程训练,E0022,dataset_lr_v1,split_lr_v1,configs\experiments\E0023_gcn_transformer_dynamic_only_mse_w1_e100_v1.yaml,eb3516bc975fe2d8ad30a6d6daa1a6126c316599a707a5da87ad6a60fce659c9,42,objective_loss,1,0,2.0110686938514153,0.0,AWAITING_CONCLUSION,,,
E0024,gcn_transformer_dynamic_only_mse_w1_warmup_cosine_v1,1,2026-09-01T02:09:24Z,E0022的晚期验证损失骤降难以复现；在模型、数据、损失和初始学习率均不变时，5轮warm-up加余弦退火能否使Transformer优化轨迹更稳定并改善长期dFC动态,若固定3e-4的更新步长使训练对微小数值扰动敏感，warm-up与逐步衰减将降低不同运行进入不同优化盆地的概率，并在长期预测中提高动态幅值和差分时间一致性；若仍塌缩，则学习率控制不是主要瓶颈。,相对E0022，仅将固定AdamW学习率改为前5轮线性warm-up、随后95轮余弦退火（3e-4至1e-5）；固定Transformer、GCN条件、冻结decoder、MSE动态损失、数据与seed。,E0022,dataset_lr_v1,split_lr_v1,configs\experiments\E0024_gcn_transformer_dynamic_only_mse_w1_warmup_cosine_v1.yaml,48ac0f198a006ca886e4f3d7adaa4d369d8c36056e6550359347e262dcc2690f,42,objective_loss,,,,,PLANNED,,,
